<?xml version="1.0" encoding="UTF-8"?>
<beans xmlns="http://www.springframework.org/schema/beans"
	xmlns:xsi="http://www.w3.org/2001/XMLSchema-instance"
	xsi:schemaLocation="http://www.springframework.org/schema/beans http://www.springframework.org/schema/beans/spring-beans.xsd">

	<!-- Exam exam = new NewLecExam(); -->
	<bean id="exam" class="spring.di.entity.NewLecExam">
		<property name="kor" value="10" />
		<property name="eng" value="10" />
		<property name="math" value="10" />
		<property name="com" value="10" />
	</bean>

	<!--ExamConsole console = new GridExamConsole(exam); -->	
	<bean id="console" class="spring.di.ui.GridExamConsole">
		<!--console.setExam(exam); -->
		<property name="exam" ref="exam"/>
	</bean>
	

</beans>
