<?xml version="1.0" encoding="UTF-8"?>
<beans xmlns="http://www.springframework.org/schema/beans"
	xmlns:xsi="http://www.w3.org/2001/XMLSchema-instance"
	xmlns:c="http://www.springframework.org/schema/c"
	xmlns:util="http://www.springframework.org/schema/util"
	xmlns:p="http://www.springframework.org/schema/p"
	xsi:schemaLocation="http://www.springframework.org/schema/beans http://www.springframework.org/schema/beans/spring-beans.xsd
		http://www.springframework.org/schema/util http://www.springframework.org/schema/util/spring-util-4.3.xsd">

	<!-- Exam exam = new NewLecExam(); -->
	<!-- <bean id="exam" class="spring.di.entity.NewLecExam">
			<constructor-arg name="kor" value="10" />
			<constructor-arg index="1" value="20" />
			<constructor-arg index="2" value="10" />
			<constructor-arg index="3" value="30" />
	</bean> -->
	<bean id="exam" class="spring.di.entity.NewLecExam" c:kor="15" c:eng="15" c:math="15" c:com="15" />


	<!--ExamConsole console = new GridExamConsole(exam); -->	
	<bean id="console" class="spring.di.ui.InlineExamConsole">
		<!--console.setExam(exam); -->
		<property name="exam" ref="exam"/>
	</bean>
	
	<!-- <bean id="exams" class = "java.util.ArrayList">
		<constructor-arg>
			<list>
				<bean class="spring.di.entity.NewLecExam" c:kor="1" c:eng="2" c:math="3" c:com="4" />
				<ref bean="exam" />
			</list>
		</constructor-arg>
	</bean> -->
	
	<util:list id="exams" list-class="java.util.ArrayList">
		<bean class="spring.di.entity.NewLecExam" c:kor="1" c:eng="2" c:math="3" c:com="4" />
		<ref bean="exam" />
	</util:list>
	

</beans>
